{"initial_reset_timestamp": 1586354865.2815213, "timestamps": [1586354885.9232333], "episode_lengths": [299], "episode_rewards": [294.07052022095434], "episode_types": ["t", "t"]}