{"initial_reset_timestamp": 1585907216.095459, "timestamps": [1585907225.4049804], "episode_lengths": [74], "episode_rewards": [-466.1141418163195], "episode_types": ["t", "t"]}