{"initial_reset_timestamp": 1585654194.2914386, "timestamps": [1585654266.6733315], "episode_lengths": [1000], "episode_rewards": [114.83673684539849], "episode_types": ["t"]}